# Prüfliste der Grundformen, die nur aus Wörterbüchern bekannt sind (scripts/expand_long_forms.py --review).
# Entscheidung der Moderation: behalten = lange Formen werden ergänzt, streichen = Wort samt aller Formen auf die Sperrliste.
# A: geprüft 2026-10-06 anhand von Duden und DWDS.
aalartig	behalten
aalbricke	streichen
aaldorsch	streichen
aalenerin	streichen
aalfisch	streichen
aalförmig	behalten
aalglatt	behalten
aalgleich	behalten
abackern	streichen
abbahren	streichen
abbalgen	behalten
abbalzen	behalten
abbeißen	behalten
abbellen	streichen
abbetteln	behalten
abbieten	streichen
abbimsen	behalten
abbitten	behalten
abblassen	behalten
abbleiben	behalten
abblocken	behalten
abbohren	behalten
abborgen	behalten
abbraten	behalten
abbreiten	streichen
abbrocken	behalten
abbrummen	behalten
abbröseln	streichen
abbrüchig	streichen
abbrüten	streichen
abbuffen	streichen
abbuhlen	streichen
abcashen	behalten
abchillen	streichen
abdachen	behalten
abdeckeln	streichen
abdeichen	streichen
abdienen	behalten
abdingen	behalten
abdorren	behalten
abdringen	behalten
abduften	behalten
abdämmung	behalten
abendgage	behalten
abendglut	streichen
abendgold	streichen
abendlauf	streichen
abendmenü	behalten
abendzeit	behalten
abendzug	behalten
abermalig	behalten
aberrant	behalten
abersinn	behalten
abessen	behalten
abfallarm	streichen
abfaulen	behalten
abfechten	streichen
abfeilen	behalten
abfetten	behalten
abfetzen	behalten
abfiebern	streichen
abfiedeln	behalten
abfiltern	behalten
abflanken	behalten
abfließen	behalten
abflößen	behalten
abforsten	streichen
abfragbar	behalten
abfressen	behalten
abfädeln	behalten
abfühlen	behalten
abführend	behalten
abfüttern	behalten
abgaunern	behalten
abgehetzt	behalten
abgeranzt	behalten
abgesang	behalten
abgießen	behalten
abgräbeln	streichen
abgöttin	behalten
abhalsen	streichen
abhetzen	behalten
abhobeln	behalten
abholerin	behalten
abhungern	behalten
abjekt	behalten
abkacken	behalten
abkarten	behalten
abkämpfen	behalten
abküssen	behalten
ableserin	behalten
abmergeln	behalten
abmurksen	behalten
abnibbeln	behalten
abnippeln	behalten
abnudeln	behalten
abolieren	behalten
abpacken	behalten
abpellen	behalten
abpinnen	behalten
abrahmen	behalten
abraspeln	behalten
abreichen	behalten
abreißen	behalten
abrupfen	behalten
abrühren	behalten
abschaben	behalten
abseifen	behalten
abspicken	streichen
abspinnen	behalten
abstoßen	behalten
abtörnen	behalten
abtörnend	behalten
abusiv	behalten
abweiden	behalten
abwohnen	behalten
abwählbar	behalten
abzirkeln	behalten
abzischen	behalten
abzäumen	behalten
abächzen	streichen
abäppeln	streichen
abärgern	behalten
abäugeln	streichen
acephalie	streichen
acetylid	streichen
achtarmig	behalten
achtmalig	behalten
achttägig	behalten
achäerin	behalten
ackerfeld	streichen
ackerling	streichen
adenotom	streichen
adeptin	behalten
adjunktin	behalten
admirabel	behalten
admiralin	behalten
adorieren	behalten
advokatin	behalten
aerobiont	behalten
affabel	behalten
affenart	behalten
affenbaum	streichen
affigiert	behalten
affixlos	streichen
agamisch	behalten
agrargut	streichen
agronomin	behalten
ahornhain	streichen
aidskrank	behalten
akkadist	streichen
akolythin	behalten
aktenberg	behalten
alaskaner	streichen
aleukämie	behalten
aleutin	streichen
alevitin	behalten
alewitin	streichen
algometer	behalten
alimentär	behalten
alkadien	streichen
alliiert	behalten
altarrand	streichen
alterslos	behalten
amisch	behalten
ampelfrau	behalten
amtsmüde	behalten
amtsraum	behalten
amylolyse	behalten
anangeln	behalten
anbacken	behalten
anbalzen	behalten
anbampfen	streichen
anbeißen	behalten
anbellen	behalten
anbeterin	behalten
anblenden	behalten
anblitzen	behalten
anbrausen	behalten
anbräunen	behalten
anbrüten	behalten
anbändeln	behalten
andampfen	behalten
anderweit	behalten
andicken	behalten
andonnern	behalten
androphil	behalten
andübeln	behalten
aneifern	behalten
anerbin	behalten
anessen	behalten
anfauchen	behalten
anfaulen	behalten
anfeilen	streichen
anfesseln	behalten
anfiepen	streichen
anflicken	behalten
anfliehen	streichen
anfließen	streichen
anfrieren	behalten
anfunkeln	behalten
anfunken	behalten
anfurzen	behalten
anfuttern	behalten
anfärbbar	streichen
angeberin	behalten
angejahrt	behalten
angießen	behalten
anglerin	behalten
anglomane	behalten
anglophon	behalten
anglotzen	behalten
anglühen	behalten
anheimeln	behalten
anhumpeln	streichen
anhungern	streichen
anhusten	behalten
anhäkeln	behalten
ankarren	behalten
anketten	behalten
ankeuchen	behalten
ankippen	behalten
ankirren	streichen
anknicken	behalten
anknoten	behalten
anknöpfen	behalten
ankotzen	behalten
ankriegen	behalten
ankrähen	streichen
ankünden	behalten
anlabern	behalten
anlachen	behalten
anlegerin	behalten
anlieben	streichen
anludern	streichen
anläuten	behalten
anmailen	behalten
anmaßend	behalten
anmutlos	behalten
annageln	behalten
anniesen	behalten
annieten	behalten
anodisch	behalten
anpachten	behalten
anpampfen	streichen
anpatzen	behalten
anpingen	streichen
anpinkeln	behalten
anpissen	behalten
anpreien	behalten
anpöbelei	behalten
anpöbeln	behalten
anquirlen	behalten
anradeln	behalten
anranzen	behalten
anrasseln	behalten
anrauchen	behalten
anregerin	behalten
anreißen	behalten
anriechen	behalten
anrosten	behalten
anrotzen	behalten
anrucken	behalten
ansaugen	behalten
ansausen	behalten
anspeien	behalten
anspießen	behalten
ansprühen	behalten
anspülen	behalten
anspüren	behalten
anstammen	behalten
anstapfen	behalten
anstauben	behalten
anstieren	behalten
anstößig	behalten
anstücken	streichen
anstürzen	behalten
ansäbeln	behalten
antiatom	streichen
antidoton	behalten
antienzym	behalten
antrinket	behalten
anwanken	streichen
anwetzen	behalten
anwidern	behalten
anwinkeln	behalten
anwältin	behalten
anzahlen	behalten
anzaubern	behalten
anzischen	behalten
anzuckern	behalten
anzwecken	behalten
anzwidern	streichen
apachin	behalten
apfelgrün	behalten
apfellos	streichen
apfelrot	streichen
aphatiker	streichen
apnoisch	streichen
apostatin	behalten
apsidial	behalten
apulisch	behalten
araberin	behalten
arachnide	behalten
aragonier	behalten
areligiös	behalten
argillit	streichen
arierin	behalten
arisieren	behalten
armengeld	behalten
armförmig	behalten
armmuskel	behalten
armstumpf	behalten
arrestant	behalten
arriviert	behalten
arschig	behalten
arsengrün	streichen
arztwitz	streichen
aschearm	streichen
askanisch	streichen
asketin	behalten
assemblee	behalten
assyrerin	behalten
asylantin	behalten
asylgeber	streichen
asylklage	behalten
athenerin	behalten
athenisch	behalten
atlassen	behalten
atomistin	behalten
atoxisch	behalten
attometer	behalten
audiphon	behalten
aufbahren	behalten
aufbeben	behalten
aufbeißen	behalten
aufbellen	behalten
aufbiegen	behalten
aufgabeln	behalten
aufgeilen	behalten
aufgießen	behalten
aufglühen	behalten
aufgrünen	behalten
aufhalsen	behalten
aufhelfen	behalten
aufknoten	behalten
aufkünden	behalten
auflasten	behalten
auflicht	behalten
aufmessen	behalten
aufmucken	behalten
aufmöbeln	behalten
aufnähen	behalten
aufpicken	behalten
aufpudeln	behalten
aufreißen	behalten
aufringen	streichen
aufsacken	behalten
aufstoßen	behalten
aufsummen	behalten
aufsägen	behalten
aufzäumen	behalten
augenlos	streichen
augenmaß	behalten
augentier	behalten
auratisch	behalten
ausackern	streichen
ausbaken	behalten
ausbeißen	behalten
ausbieten	behalten
ausbitten	behalten
ausbohren	behalten
ausbomben	behalten
ausdörren	behalten
ausfasern	behalten
ausfetten	behalten
ausfilzen	behalten
ausfolgen	behalten
ausformen	behalten
ausgießen	behalten
ausgriff	behalten
aushelfer	behalten
ausholzen	behalten
aushusten	behalten
ausjäten	behalten
auskehren	behalten
auskernen	behalten
auskippen	behalten
auskochen	behalten
auskönnen	streichen
ausmieten	behalten
ausmünden	behalten
auspichen	streichen
ausreißen	behalten
ausrenken	behalten
ausrinnen	behalten
ausstoßen	behalten
aussägen	behalten
austicken	behalten
auswalken	behalten
auswerter	behalten
auswiegen	behalten
auswägen	behalten
auswürgen	behalten
auszacken	behalten
auszehren	behalten
authentik	behalten
authigen	behalten
autojagd	streichen
autorname	streichen
autoschau	streichen
außentür	behalten
außenwelt	behalten
avernisch	behalten
aviatisch	behalten
avirulent	behalten
axtschlag	behalten
axtstiel	behalten
azephalie	behalten
azetamid	behalten
azetylid	behalten
azotieren	behalten
aztekin	behalten
azuriert	behalten
